{"cameraMode":{"drawMode":0,"name":"Shaded","section":"Shading Mode"},"sceneLighting":true,"audioPlay":false,"sceneViewState":{"showFog":true,"showMaterialUpdate":true,"showSkybox":true,"showFlares":true,"showImageEffects":true,"showParticleSystems":true},"in2DMode":false,"pivot":{"x":15.25,"y":3.319999933242798,"z":4.409999847412109},"rotation":{"x":0.44102007150650027,"y":0.09633689373731613,"z":-0.04768472909927368,"w":0.8910368084907532},"size":18.93123435974121,"orthographic":true}